TimeSeries; || ;RR; DET; LAM; RATIO; averageL; averageH; Lmax; Hmax; DIV; ENTR; averageTime1; averageTime2
---------; || ;; ; ; ; ; ; ; ; ; ; ; 
---------; || ;; ; ; ; ; ; ; ; ; ; ; 
---------; || ;; ; ; ; ; ; ; ; ; ; ; 
[130.7533, 134.5485, 134.0321, 126.211, 119.8678, 111.515, 100.8083, 91.9291, 87.8695, 87.757, 86.0232, 83.7013, 81.3703, 81.374, 81.384, 79.6472, 81.0188, 81.038, 84.9625, 94.4188, 109.5031, 124.3762, 135.8696, 138.7446, 132.1958]; || ;0.0057290096214467805;1.0;1.0;174.55023923444975;3.0;1.5;4;2;0.25;0.6931471805599453;0;0
---------; || ;; ; ; ; ; ; ; ; ; ; ; 
