TimeSeries; || ;RR; DET; LAM; RATIO; averageL; averageH; Lmax; Hmax; DIV; ENTR; averageTime1; averageTime2
[81.8155, 80.87, 86.4748, 92.085, 97.4239, 102.768, 101.6905, 100.612, 99.6919, 98.771, 95.563, 92.352, 89.295, 86.235, 92.53, 98.831, 100.1509, 101.472, 97.7978, 94.12, 89.8286, 85.533, 86.8768, 88.222, 92.6768]; || ;0.01345906088100655;1.0;1.0;74.29938900203666;6.0;1.6129032258064515;15;5;0.06666666666666667;1.4270610433807247;0;0
---------; || ;; ; ; ; ; ; ; ; ; ; ; 
