TimeSeries; || ;RR; DET; LAM; RATIO; averageL; averageH; Lmax; Hmax; DIV; ENTR; averageTime1; averageTime2
[67.801, 57.258, 54.996, 54.379, 52.138, 49.208, 48.313, 46.885, 44.747, 45.481, 49.011, 50.34, 48.311, 45.753, 43.999, 41.991, 41.213, 40.878, 40.089, 38.958, 37.419, 36.853, 37.61, 38.749, 40.826]; || ;0.024314026479537294;1.0;1.0;41.128523111612175;7.0606060606060606;3.45959595959596;23;10;0.043478260869565216;2.269713256968612;45.81818181818182;47.90909090909091
---------; || ;; ; ; ; ; ; ; ; ; ; ; 
[67.416, 77.137, 78.999, 79.459, 80.365, 80.086, 81.675, 83.136, 83.095, 81.84, 81.021, 81.111, 75.077, 63.416, 53.302, 50.768, 52.593, 50.479, 46.825, 45.537, 45.113, 47.476, 50.264, 49.755, 47.886]; || ;0.031660316329048;1.0;1.0;31.585281385281384;7.019607843137255;4.922680412371134;31;14;0.03225806451612903;2.528173542973781;21.333333333333332;24.444444444444443
---------; || ;; ; ; ; ; ; ; ; ; ; ; 
[87.784, 82.151, 75.794, 73.232, 69.159, 62.7, 58.598, 54.837, 48.274, 42.019, 40.484, 40.33, 41.599, 50.158, 64.152, 73.583, 76.403, 78.474, 80.063, 77.422, 67.772, 54.992, 46.798, 43.626, 42.803]; || ;0.017351498040075655;1.0;1.0;57.63191153238547;7.933333333333334;2.294736842105263;23;12;0.043478260869565216;2.395908119293929;115.33333333333333;116.0
[43.219, 42.471, 43.746, 48.684, 48.684, 55.873, 64.57, 68.661, 65.607, 57.415, 49.317, 49.261, 56.303, 62.203, 61.237, 52.492, 45.167, 43.328, 42.227, 42.629, 45.46, 48.378, 44.811, 41.042, 38.913]; || ;0.018283490035909105;1.0;1.0;54.694152923538226;4.241379310344827;2.3383838383838382;7;8;0.14285714285714285;1.9268723505461127;138.0;139.53846153846155
---------; || ;; ; ; ; ; ; ; ; ; ; ; 
