TimeSeries; || ;RR; DET; LAM; RATIO; averageL; averageH; Lmax; Hmax; DIV; ENTR; averageTime1; averageTime2
[93.6776, 93.966, 94.5439, 99.2474, 102.7375, 102.368, 101.2491, 98.2714, 97.6321, 95.4183, 95.331, 93.6062, 93.701, 94.3939, 96.4747, 99.7676, 101.1628, 105.0625, 106.9148, 109.4677, 111.7687, 111.666, 110.3572, 104.8017, 99.7277]; || ;0.012527068885173104;1.0;1.0;79.82713347921225;6.277777777777778;2.909090909090909;19;6;0.05263157894736842;2.2161022480912633;82.2;83.2
---------; || ;; ; ; ; ; ; ; ; ; ; ; 
