TimeSeries; || ;RR; DET; LAM; RATIO; averageL; averageH; Lmax; Hmax; DIV; ENTR; averageTime1; averageTime2
[138.9778, 135.288, 127.3649, 119.434, 106.4683, 93.49, 87.6489, 81.802, 79.3812, 76.958, 74.9725, 72.985, 74.5647, 76.146, 76.237, 76.328, 78.0347, 79.743, 80.0094, 80.276, 79.0656, 77.854, 75.881, 73.906, 74.7836]; || ;0.06142923713713988;1.0;1.0;16.278893351182507;11.860759493670885;7.8861788617886175;138;26;0.007246376811594203;2.9226484309450975;72.51818181818182;77.97272727272727
[75.662, 77.5866, 79.513, 78.8898, 78.266, 81.5344, 84.806, 82.754, 80.7, 79.4836, 78.266, 90.505, 102.756, 119.8551, 136.971, 121.0583, 105.13, 94.4283, 83.716, 91.9845, 100.261, 115.2057, 130.165, 121.3153, 112.457]; || ;0.02096981990625257;1.0;1.0;47.6875816993464;10.36;4.530434782608696;76;12;0.013157894736842105;2.342470497933424;45.20754716981132;49.9622641509434
---------; || ;; ; ; ; ; ; ; ; ; ; ; 
