TimeSeries; || ;RR; DET; LAM; RATIO; averageL; averageH; Lmax; Hmax; DIV; ENTR; averageTime1; averageTime2
[55.656, 50.7254, 49.468, 51.3732, 54.5367, 57.9538, 62.3135, 64.229, 64.855, 65.208, 66.1429, 69.6673, 70.0209, 64.9794, 64.4636, 66.7737, 72.5036, 70.4214, 67.9105, 73.4361, 74.6826, 81.5964, 79.4991, 78.5402, 73.1116]; || ;0.01724185192291878;1.0;1.0;57.99841017488077;8.391304347826088;3.94392523364486;30;12;0.03333333333333333;2.3667103628435937;47.5625;54.5625
[71.2997, 72.2932, 65.3366, 55.7187, 59.47, 66.6494, 76.4185, 68.8165, 61.55, 53.8292, 55.928, 61.2282, 68.2183, 71.7667, 70.9391, 70.4193, 67.3204, 67.482, 68.7178, 77.082, 83.6937, 85.3602, 82.7623, 72.2548, 70.0883]; || ;0.011375784655025903;1.0;1.0;87.90602409638555;6.857142857142857;4.0;20;9;0.05;2.143952200643869;55.25;55.25
[68.9121, 76.8909, 74.3713, 75.8544, 78.2841, 79.8147, 82.3509, 84.4714, 92.4395, 88.4555, 81.5548, 67.765, 64.8584, 63.9207, 69.4024, 75.171, 82.926, 79.4092, 77.1258, 72.8114, 69.2857, 69.9165, 69.6233, 77.8825, 79.2343]; || ;0.00890874701899619;1.0;1.0;112.24923076923076;6.222222222222222;2.0;14;5;0.07142857142857142;2.0431918705451206;10.333333333333334;11.833333333333334
[76.2276, 70.7539, 65.9458, 69.8316, 67.9963, 67.7939, 63.688, 64.2171, 63.8593, 63.5354, 72.6212, 81.5631, 85.1324, 72.6888, 71.1051, 74.4513, 79.1751, 80.7093, 88.9553, 84.4386, 91.8454, 95.569, 99.5836, 104.3066, 97.3451]; || ;0.01203366135796716;1.0;1.0;83.10022779043281;8.916666666666666;3.3424657534246576;24;10;0.041666666666666664;2.2538575896013526;10.5;12.25
---------; || ;; ; ; ; ; ; ; ; ; ; ; 
