TimeSeries; || ;RR; DET; LAM; RATIO; averageL; averageH; Lmax; Hmax; DIV; ENTR; averageTime1; averageTime2
[81.8155, 80.87, 86.4748, 92.085, 97.4239, 102.768, 101.6905, 100.612, 99.6919, 98.771, 95.563, 92.352, 89.295, 86.235, 92.53, 98.831, 100.1509, 101.472, 97.7978, 94.12, 89.8286, 85.533, 86.8768, 88.222, 92.6768]; || ;0.008853923960417752;1.0;1.0;112.94427244582043;12.2;2.185185185185185;28;4;0.03571428571428571;1.3321790402101223;71.0;71.0
---------; || ;; ; ; ; ; ; ; ; ; ; ; 
