TimeSeries; || ;RR; DET; LAM; RATIO; averageL; averageH; Lmax; Hmax; DIV; ENTR; averageTime1; averageTime2
[105.6285, 106.2278, 110.1806, 111.2855, 103.4707, 100.4579, 91.277, 85.5701, 73.5076, 70.1644, 68.4506, 68.7948, 65.5413, 64.428, 60.7833, 60.4923, 56.347, 55.2991, 57.6859, 59.3713, 66.9674, 67.7647, 73.0166, 70.9205, 64.1477]; || ;0.03319536196924426;1.0;1.0;30.124690338563173;12.342105263157896;5.2460732984293195;127;15;0.007874015748031496;2.56632617154459;103.0;106.72222222222223
---------; || ;; ; ; ; ; ; ; ; ; ; ; 
