TimeSeries; || ;RR; DET; LAM; RATIO; averageL; averageH; Lmax; Hmax; DIV; ENTR; averageTime1; averageTime2
[87.776, 87.566, 83.217, 72.716, 62.106, 58.214, 62.179, 69.418, 74.299, 73.651, 67.79, 60.681, 55.618, 65.741, 76.261, 84.877, 89.974, 90.389, 85.442, 77.342, 66.244, 55.458, 51.981, 54.442, 59.415]; || ;0.012527068885173104;1.0;1.0;79.82713347921225;7.1875;2.5542168674698793;17;6;0.058823529411764705;2.1006789212792607;115.0;115.18518518518519
---------; || ;; ; ; ; ; ; ; ; ; ; ; 
