TimeSeries; || ;RR; DET; LAM; RATIO; averageL; averageH; Lmax; Hmax; DIV; ENTR; averageTime1; averageTime2
[120.2122, 111.7315, 96.0185, 85.6703, 76.195, 73.1045, 69.7988, 69.1993, 76.9894, 80.3877, 83.0523, 81.8491, 78.7595, 76.0693, 69.8069, 70.9137, 79.4824, 82.739, 84.1913, 81.0548, 77.9501, 78.8692, 80.7084, 82.2281, 78.7777]; || ;0.04624324991091253;1.0;1.0;21.62477771191464;8.763157894736842;4.003076923076923;62;11;0.016129032258064516;2.645881798458223;55.62051282051282;58.98974358974359
---------; || ;; ; ; ; ; ; ; ; ; ; ; 
