TimeSeries; || ;RR; DET; LAM; RATIO; averageL; averageH; Lmax; Hmax; DIV; ENTR; averageTime1; averageTime2
[120.2122, 111.7315, 96.0185, 85.6703, 76.195, 73.1045, 69.7988, 69.1993, 76.9894, 80.3877, 83.0523, 81.8491, 78.7595, 76.0693, 69.8069, 70.9137, 79.4824, 82.739, 84.1913, 81.0548, 77.9501, 78.8692, 80.7084, 82.2281, 78.7777]; || ;0.005509717387133028;1.0;0;181.49751243781097;3.0;0;3;0;0.3333333333333333;0.0;71.2;71.2
---------; || ;; ; ; ; ; ; ; ; ; ; ; 
