TimeSeries; || ;RR; DET; LAM; RATIO; averageL; averageH; Lmax; Hmax; DIV; ENTR; averageTime1; averageTime2
[93.6776, 93.966, 94.5439, 99.2474, 102.7375, 102.368, 101.2491, 98.2714, 97.6321, 95.4183, 95.331, 93.6062, 93.701, 94.3939, 96.4747, 99.7676, 101.1628, 105.0625, 106.9148, 109.4677, 111.7687, 111.666, 110.3572, 104.8017, 99.7277]; || ;0.024259203420958855;1.0;1.0;41.221468926553676;7.625;4.337662337662338;56;10;0.017857142857142856;2.595103332171515;87.11538461538461;93.5
---------; || ;; ; ; ; ; ; ; ; ; ; ; 
