TimeSeries; || ;RR; DET; LAM; RATIO; averageL; averageH; Lmax; Hmax; DIV; ENTR; averageTime1; averageTime2
[138.9778, 135.288, 127.3649, 119.434, 106.4683, 93.49, 87.6489, 81.802, 79.3812, 76.958, 74.9725, 72.985, 74.5647, 76.146, 76.237, 76.328, 78.0347, 79.743, 80.0094, 80.276, 79.0656, 77.854, 75.881, 73.906, 74.7836]; || ;0.11504618842685234;1.0;1.0;8.692161067429115;11.096969696969698;10.991379310344827;151;36;0.006622516556291391;2.917691073447441;54.12154696132597;64.646408839779
[75.662, 77.5866, 79.513, 78.8898, 78.266, 81.5344, 84.806, 82.754, 80.7, 79.4836, 78.266, 90.505, 102.756, 119.8551, 136.971, 121.0583, 105.13, 94.4283, 83.716, 91.9845, 100.261, 115.2057, 130.165, 121.3153, 112.457]; || ;0.040870590170225596;1.0;1.0;24.46747149564051;10.745454545454546;8.258503401360544;79;28;0.012658227848101266;2.7970726892949673;41.604651162790695;50.16279069767442
---------; || ;; ; ; ; ; ; ; ; ; ; ; 
