TimeSeries; || ;RR; DET; LAM; RATIO; averageL; averageH; Lmax; Hmax; DIV; ENTR; averageTime1; averageTime2
[93.6776, 93.966, 94.5439, 99.2474, 102.7375, 102.368, 101.2491, 98.2714, 97.6321, 95.4183, 95.331, 93.6062, 93.701, 94.3939, 96.4747, 99.7676, 101.1628, 105.0625, 106.9148, 109.4677, 111.7687, 111.666, 110.3572, 104.8017, 99.7277]; || ;0.01614539075135002;0.9130434782608695;0.8867924528301887;56.55133978002509;8.142857142857142;3.8297872340425534;34;8;0.029411764705882353;2.309632530938063;89.57692307692308;93.07692307692308
---------; || ;; ; ; ; ; ; ; ; ; ; ; 
