TimeSeries; || ;RR; DET; LAM; RATIO; averageL; averageH; Lmax; Hmax; DIV; ENTR; averageTime1; averageTime2
---------; || ;; ; ; ; ; ; ; ; ; ; ; 
---------; || ;; ; ; ; ; ; ; ; ; ; ; 
---------; || ;; ; ; ; ; ; ; ; ; ; ; 
[130.7533, 134.5485, 134.0321, 126.211, 119.8678, 111.515, 100.8083, 91.9291, 87.8695, 87.757, 86.0232, 83.7013, 81.3703, 81.374, 81.384, 79.6472, 81.0188, 81.038, 84.9625, 94.4188, 109.5031, 124.3762, 135.8696, 138.7446, 132.1958]; || ;0.060661714317041746;0.9859154929577465;0.9623655913978495;16.252681020601695;13.357142857142858;11.011173184357542;94;26;0.010638297872340425;2.7249405105072606;9.886363636363637;29.431818181818183
---------; || ;; ; ; ; ; ; ; ; ; ; ; 
