TimeSeries; || ;RR; DET; LAM; RATIO; averageL; averageH; Lmax; Hmax; DIV; ENTR; averageTime1; averageTime2
[67.801, 57.258, 54.996, 54.379, 52.138, 49.208, 48.313, 46.885, 44.747, 45.481, 49.011, 50.34, 48.311, 45.753, 43.999, 41.991, 41.213, 40.878, 40.089, 38.958, 37.419, 36.853, 37.61, 38.749, 40.826]; || ;0.04054165181875497;0.9230769230769231;0.9737991266375546;22.768606646902793;16.666666666666668;5.538116591928251;183;16;0.00546448087431694;2.7753445907287615;45.744680851063826;49.148936170212764
---------; || ;; ; ; ; ; ; ; ; ; ; ; 
[67.416, 77.137, 78.999, 79.459, 80.365, 80.086, 81.675, 83.136, 83.095, 81.84, 81.021, 81.111, 75.077, 63.416, 53.302, 50.768, 52.593, 50.479, 46.825, 45.537, 45.113, 47.476, 50.264, 49.755, 47.886]; || ;0.04881993366409912;0.9491525423728814;0.9679144385026738;19.44190561387147;13.017857142857142;8.602209944751381;84;22;0.011904761904761904;2.8507908576601833;22.77777777777778;26.962962962962962
---------; || ;; ; ; ; ; ; ; ; ; ; ; 
[87.784, 82.151, 75.794, 73.232, 69.159, 62.7, 58.598, 54.837, 48.274, 42.019, 40.484, 40.33, 41.599, 50.158, 64.152, 73.583, 76.403, 78.474, 80.063, 77.422, 67.772, 54.992, 46.798, 43.626, 42.803]; || ;0.02562977988541981;0.90625;0.8344370860927153;35.359258021390374;11.586206896551724;5.5476190476190474;48;19;0.020833333333333332;2.823416998397392;122.15;122.85
[43.219, 42.471, 43.746, 48.684, 48.684, 55.873, 64.57, 68.661, 65.607, 57.415, 49.317, 49.261, 56.303, 62.203, 61.237, 52.492, 45.167, 43.328, 42.227, 42.629, 45.46, 48.378, 44.811, 41.042, 38.913]; || ;0.025136372358213865;0.9523809523809523;0.8083832335329342;37.88856000415433;7.975;4.45925925925926;46;13;0.021739130434782608;2.4865450033331795;96.1304347826087;98.55434782608695
---------; || ;; ; ; ; ; ; ; ; ; ; ; 
