TimeSeries; || ;RR; DET; LAM; RATIO; averageL; averageH; Lmax; Hmax; DIV; ENTR; averageTime1; averageTime2
[105.6285, 106.2278, 110.1806, 111.2855, 103.4707, 100.4579, 91.277, 85.5701, 73.5076, 70.1644, 68.4506, 68.7948, 65.5413, 64.428, 60.7833, 60.4923, 56.347, 55.2991, 57.6859, 59.3713, 66.9674, 67.7647, 73.0166, 70.9205, 64.1477]; || ;0.032044077739097065;0.8780487804878049;0.9421052631578948;27.401281061570238;12.222222222222221;5.307262569832402;126;17;0.007936507936507936;2.405294857337061;88.94117647058823;94.47058823529412
---------; || ;; ; ; ; ; ; ; ; ; ; ; 
