TimeSeries; || ;RR; DET; LAM; RATIO; averageL; averageH; Lmax; Hmax; DIV; ENTR; averageTime1; averageTime2
[87.776, 87.566, 83.217, 72.716, 62.106, 58.214, 62.179, 69.418, 74.299, 73.651, 67.79, 60.681, 55.618, 65.741, 76.261, 84.877, 89.974, 90.389, 85.442, 77.342, 66.244, 55.458, 51.981, 54.442, 59.415]; || ;0.012198130533702476;0.8571428571428571;0.7764705882352941;70.26837881219903;9.083333333333334;2.893939393939394;17;5;0.058823529411764705;2.138333059508028;121.27272727272727;121.38636363636364
---------; || ;; ; ; ; ; ; ; ; ; ; ; 
