TimeSeries; || ;RR; DET; LAM; RATIO; averageL; averageH; Lmax; Hmax; DIV; ENTR; averageTime1; averageTime2
[81.8155, 80.87, 86.4748, 92.085, 97.4239, 102.768, 101.6905, 100.612, 99.6919, 98.771, 95.563, 92.352, 89.295, 86.235, 92.53, 98.831, 100.1509, 101.472, 97.7978, 94.12, 89.8286, 85.533, 86.8768, 88.222, 92.6768]; || ;0.008524985608947122;1.0;1.0;117.30225080385853;8.666666666666666;1.8181818181818181;27;2;0.037037037037037035;1.5607104090414063;75.4;75.4
---------; || ;; ; ; ; ; ; ; ; ; ; ; 
