TimeSeries; || ;RR; DET; LAM; RATIO; averageL; averageH; Lmax; Hmax; DIV; ENTR; averageTime1; averageTime2
[105.6285, 106.2278, 110.1806, 111.2855, 103.4707, 100.4579, 91.277, 85.5701, 73.5076, 70.1644, 68.4506, 68.7948, 65.5413, 64.428, 60.7833, 60.4923, 56.347, 55.2991, 57.6859, 59.3713, 66.9674, 67.7647, 73.0166, 70.9205, 64.1477]; || ;0.03434664619939146;0.8666666666666667;0.6730769230769231;25.23293429103485;7.326923076923077;6.9;31;16;0.03225806451612903;2.317494563168942;93.78571428571429;98.78571428571429
---------; || ;; ; ; ; ; ; ; ; ; ; ; 
