TimeSeries; || ;RR; DET; LAM; RATIO; averageL; averageH; Lmax; Hmax; DIV; ENTR; averageTime1; averageTime2
[55.656, 50.7254, 49.468, 51.3732, 54.5367, 57.9538, 62.3135, 64.229, 64.855, 65.208, 66.1429, 69.6673, 70.0209, 64.9794, 64.4636, 66.7737, 72.5036, 70.4214, 67.9105, 73.4361, 74.6826, 81.5964, 79.4991, 78.5402, 73.1116]; || ;0.034894876785175846;0.9230769230769231;0.669683257918552;26.45307873587528;6.566666666666666;6.594594594594595;32;16;0.03125;2.1301015209002023;32.666666666666664;42.93939393939394
[71.2997, 72.2932, 65.3366, 55.7187, 59.47, 66.6494, 76.4185, 68.8165, 61.55, 53.8292, 55.928, 61.2282, 68.2183, 71.7667, 70.9391, 70.4193, 67.3204, 67.482, 68.7178, 77.082, 83.6937, 85.3602, 82.7623, 72.2548, 70.0883]; || ;0.020860173789095694;0.8888888888888888;0.32105263157894737;42.6117681413345;7.208333333333333;7.147540983606557;15;14;0.06666666666666667;2.303976101724108;75.2;75.2
[68.9121, 76.8909, 74.3713, 75.8544, 78.2841, 79.8147, 82.3509, 84.4714, 92.4395, 88.4555, 81.5548, 67.765, 64.8584, 63.9207, 69.4024, 75.171, 82.926, 79.4092, 77.1258, 72.8114, 69.2857, 69.9165, 69.6233, 77.8825, 79.2343]; || ;0.021134289081987886;0.8928571428571429;0.3096446700507614;42.246850101908464;6.4;6.852459016393443;15;16;0.06666666666666667;2.2688576564997245;57.76923076923077;59.65384615384615
[76.2276, 70.7539, 65.9458, 69.8316, 67.9963, 67.7939, 63.688, 64.2171, 63.8593, 63.5354, 72.6212, 81.5631, 85.1324, 72.6888, 71.1051, 74.4513, 79.1751, 80.7093, 88.9553, 84.4386, 91.8454, 95.569, 99.5836, 104.3066, 97.3451]; || ;0.03187960856336175;0.9487179487179487;0.32275132275132273;29.759397667394225;9.945945945945946;13.754098360655737;23;24;0.043478260869565216;2.922362597943615;25.0;25.0
---------; || ;; ; ; ; ; ; ; ; ; ; ; 
