TimeSeries; || ;RR; DET; LAM; RATIO; averageL; averageH; Lmax; Hmax; DIV; ENTR; averageTime1; averageTime2
[93.6776, 93.966, 94.5439, 99.2474, 102.7375, 102.368, 101.2491, 98.2714, 97.6321, 95.4183, 95.331, 93.6062, 93.701, 94.3939, 96.4747, 99.7676, 101.1628, 105.0625, 106.9148, 109.4677, 111.7687, 111.666, 110.3572, 104.8017, 99.7277]; || ;0.02957704010306735;0.8833333333333333;0.5251141552511416;29.865508186592525;5.622641509433962;6.547826086956522;15;13;0.06666666666666667;2.3052184988828173;79.74193548387096;85.35483870967742
---------; || ;; ; ; ; ; ; ; ; ; ; ; 
