TimeSeries; || ;RR; DET; LAM; RATIO; averageL; averageH; Lmax; Hmax; DIV; ENTR; averageTime1; averageTime2
[87.776, 87.566, 83.217, 72.716, 62.106, 58.214, 62.179, 69.418, 74.299, 73.651, 67.79, 60.681, 55.618, 65.741, 76.261, 84.877, 89.974, 90.389, 85.442, 77.342, 66.244, 55.458, 51.981, 54.442, 59.415]; || ;0.014445875935418438;0.8333333333333334;0.16129032258064516;57.686590765338394;4.2;6.0;7;8;0.14285714285714285;1.736740746093063;0;0
---------; || ;; ; ; ; ; ; ; ; ; ; ; 
