TimeSeries; || ;RR; DET; LAM; RATIO; averageL; averageH; Lmax; Hmax; DIV; ENTR; averageTime1; averageTime2
[67.801, 57.258, 54.996, 54.379, 52.138, 49.208, 48.313, 46.885, 44.747, 45.481, 49.011, 50.34, 48.311, 45.753, 43.999, 41.991, 41.213, 40.878, 40.089, 38.958, 37.419, 36.853, 37.61, 38.749, 40.826]; || ;0.041473643814588415;1.0;1.0;24.11169861202908;15.923076923076923;5.454935622317596;182;17;0.005494505494505495;2.812691437603945;44.31372549019608;48.549019607843135
---------; || ;; ; ; ; ; ; ; ; ; ; ; 
[67.416, 77.137, 78.999, 79.459, 80.365, 80.086, 81.675, 83.136, 83.095, 81.84, 81.021, 81.111, 75.077, 63.416, 53.302, 50.768, 52.593, 50.479, 46.825, 45.537, 45.113, 47.476, 50.264, 49.755, 47.886]; || ;0.0486554644883638;1.0;1.0;20.55267605633803;12.586206896551724;8.083333333333334;85;21;0.011764705882352941;2.8551814368454362;25.71875;30.40625
---------; || ;; ; ; ; ; ; ; ; ; ; ; 
[87.784, 82.151, 75.794, 73.232, 69.159, 62.7, 58.598, 54.837, 48.274, 42.019, 40.484, 40.33, 41.599, 50.158, 64.152, 73.583, 76.403, 78.474, 80.063, 77.422, 67.772, 54.992, 46.798, 43.626, 42.803]; || ;0.023436857542282283;1.0;1.0;42.66783625730994;12.708333333333334;4.328859060402684;57;17;0.017543859649122806;2.809678234077784;117.47368421052632;118.0
[43.219, 42.471, 43.746, 48.684, 48.684, 55.873, 64.57, 68.661, 65.607, 57.415, 49.317, 49.261, 56.303, 62.203, 61.237, 52.492, 45.167, 43.328, 42.227, 42.629, 45.46, 48.378, 44.811, 41.042, 38.913]; || ;0.024862257065321674;1.0;1.0;40.22160970231533;8.076923076923077;3.9559748427672954;59;13;0.01694915254237288;2.547523815226111;93.06896551724138;95.183908045977
---------; || ;; ; ; ; ; ; ; ; ; ; ; 
