TimeSeries; || ;RR; DET; LAM; RATIO; averageL; averageH; Lmax; Hmax; DIV; ENTR; averageTime1; averageTime2
[81.8155, 80.87, 86.4748, 92.085, 97.4239, 102.768, 101.6905, 100.612, 99.6919, 98.771, 95.563, 92.352, 89.295, 86.235, 92.53, 98.831, 100.1509, 101.472, 97.7978, 94.12, 89.8286, 85.533, 86.8768, 88.222, 92.6768]; || ;0.014116937583947808;1.0;1.0;70.83689320388349;11.307692307692308;2.872340425531915;35;6;0.02857142857142857;1.9915093613566137;79.53703703703704;79.77777777777777
---------; || ;; ; ; ; ; ; ; ; ; ; ; 
