TimeSeries; || ;RR; DET; LAM; RATIO; averageL; averageH; Lmax; Hmax; DIV; ENTR; averageTime1; averageTime2
[87.776, 87.566, 83.217, 72.716, 62.106, 58.214, 62.179, 69.418, 74.299, 73.651, 67.79, 60.681, 55.618, 65.741, 76.261, 84.877, 89.974, 90.389, 85.442, 77.342, 66.244, 55.458, 51.981, 54.442, 59.415]; || ;0.008141224198898057;1.0;1.0;122.83164983164983;5.5;2.1463414634146343;10;4;0.1;1.4941751382893085;136.0;136.0
---------; || ;; ; ; ; ; ; ; ; ; ; ; 
