TimeSeries; || ;RR; DET; LAM; RATIO; averageL; averageH; Lmax; Hmax; DIV; ENTR; averageTime1; averageTime2
[93.6776, 93.966, 94.5439, 99.2474, 102.7375, 102.368, 101.2491, 98.2714, 97.6321, 95.4183, 95.331, 93.6062, 93.701, 94.3939, 96.4747, 99.7676, 101.1628, 105.0625, 106.9148, 109.4677, 111.7687, 111.666, 110.3572, 104.8017, 99.7277]; || ;0.01614539075135002;1.0;1.0;61.93718166383701;7.521739130434782;3.509433962264151;34;8;0.029411764705882353;2.4042341114242607;89.57692307692308;93.07692307692308
---------; || ;; ; ; ; ; ; ; ; ; ; ; 
