TimeSeries; || ;RR; DET; LAM; RATIO; averageL; averageH; Lmax; Hmax; DIV; ENTR; averageTime1; averageTime2
[93.6776, 93.966, 94.5439, 99.2474, 102.7375, 102.368, 101.2491, 98.2714, 97.6321, 95.4183, 95.331, 93.6062, 93.701, 94.3939, 96.4747, 99.7676, 101.1628, 105.0625, 106.9148, 109.4677, 111.7687, 111.666, 110.3572, 104.8017, 99.7277]; || ;0.012472245826594666;1.0;0.13978494623655913;80.17802197802197;6.166666666666667;4.0;7;5;0.14285714285714285;1.0114042647073518;0;0
---------; || ;; ; ; ; ; ; ; ; ; ; ; 
