TimeSeries; || ;RR; DET; LAM; RATIO; averageL; averageH; Lmax; Hmax; DIV; ENTR; averageTime1; averageTime2
[120.2122, 111.7315, 96.0185, 85.6703, 76.195, 73.1045, 69.7988, 69.1993, 76.9894, 80.3877, 83.0523, 81.8491, 78.7595, 76.0693, 69.8069, 70.9137, 79.4824, 82.739, 84.1913, 81.0548, 77.9501, 78.8692, 80.7084, 82.2281, 78.7777]; || ;0.04278939722047093;1.0;1.0;23.370275464445868;9.194029850746269;3.829581993569132;61;10;0.01639344262295082;2.7509508384236425;58.3072625698324;61.49162011173184
---------; || ;; ; ; ; ; ; ; ; ; ; ; 
