TimeSeries; || ;RR; DET; LAM; RATIO; averageL; averageH; Lmax; Hmax; DIV; ENTR; averageTime1; averageTime2
[87.776, 87.566, 83.217, 72.716, 62.106, 58.214, 62.179, 69.418, 74.299, 73.651, 67.79, 60.681, 55.618, 65.741, 76.261, 84.877, 89.974, 90.389, 85.442, 77.342, 66.244, 55.458, 51.981, 54.442, 59.415]; || ;0.012252953592280914;1.0;1.0;81.61297539149888;7.466666666666667;2.5853658536585367;17;6;0.058823529411764705;2.338371704803573;121.27272727272727;121.38636363636364
---------; || ;; ; ; ; ; ; ; ; ; ; ; 
