TimeSeries; || ;RR; DET; LAM; RATIO; averageL; averageH; Lmax; Hmax; DIV; ENTR; averageTime1; averageTime2
[67.801, 57.258, 54.996, 54.379, 52.138, 49.208, 48.313, 46.885, 44.747, 45.481, 49.011, 50.34, 48.311, 45.753, 43.999, 41.991, 41.213, 40.878, 40.089, 38.958, 37.419, 36.853, 37.61, 38.749, 40.826]; || ;0.04054165181875497;1.0;1.0;24.66599053414469;15.512820512820513;5.447368421052632;183;16;0.00546448087431694;2.8010497279956734;45.73913043478261;49.04347826086956
---------; || ;; ; ; ; ; ; ; ; ; ; ; 
[67.416, 77.137, 78.999, 79.459, 80.365, 80.086, 81.675, 83.136, 83.095, 81.84, 81.021, 81.111, 75.077, 63.416, 53.302, 50.768, 52.593, 50.479, 46.825, 45.537, 45.113, 47.476, 50.264, 49.755, 47.886]; || ;0.04854581837120693;1.0;1.0;20.599096555618296;12.1;8.29946524064171;85;22;0.011764705882352941;2.912751871243898;26.214285714285715;29.928571428571427
---------; || ;; ; ; ; ; ; ; ; ; ; ; 
[87.784, 82.151, 75.794, 73.232, 69.159, 62.7, 58.598, 54.837, 48.274, 42.019, 40.484, 40.33, 41.599, 50.158, 64.152, 73.583, 76.403, 78.474, 80.063, 77.422, 67.772, 54.992, 46.798, 43.626, 42.803]; || ;0.025684602943998245;1.0;1.0;38.93383137673426;10.272727272727273;4.87248322147651;33;19;0.030303030303030304;2.8663737609574387;122.15;122.85
[43.219, 42.471, 43.746, 48.684, 48.684, 55.873, 64.57, 68.661, 65.607, 57.415, 49.317, 49.261, 56.303, 62.203, 61.237, 52.492, 45.167, 43.328, 42.227, 42.629, 45.46, 48.378, 44.811, 41.042, 38.913]; || ;0.024039911186645103;1.0;1.0;41.59749144811859;7.769230769230769;3.497041420118343;46;12;0.021739130434782608;2.5007464321366295;101.72631578947369;103.83157894736843
---------; || ;; ; ; ; ; ; ; ; ; ; ; 
