TimeSeries; || ;RR; DET; LAM; RATIO; averageL; averageH; Lmax; Hmax; DIV; ENTR; averageTime1; averageTime2
[81.8155, 80.87, 86.4748, 92.085, 97.4239, 102.768, 101.6905, 100.612, 99.6919, 98.771, 95.563, 92.352, 89.295, 86.235, 92.53, 98.831, 100.1509, 101.472, 97.7978, 94.12, 89.8286, 85.533, 86.8768, 88.222, 92.6768]; || ;0.013239768646692799;1.0;1.0;75.53002070393374;12.090909090909092;2.7157894736842105;36;6;0.027777777777777776;2.2718685126965625;70.82352941176471;70.97058823529412
---------; || ;; ; ; ; ; ; ; ; ; ; ; 
