TimeSeries; || ;RR; DET; LAM; RATIO; averageL; averageH; Lmax; Hmax; DIV; ENTR; averageTime1; averageTime2
[95.4993, 89.8039, 89.7244, 82.8436, 86.7353, 86.4279, 84.6259, 86.0206, 81.6215, 80.7308, 76.1279, 76.7767, 82.5234, 86.1601, 87.1931, 82.2148, 75.3203, 74.1002, 70.2883, 70.5389, 64.1957, 70.7362, 75.056, 85.8687, 86.2725]; || ;0.00951180066335901;1.0;0.782051282051282;105.13256484149855;6.6;2.0163934426229506;22;3;0.045454545454545456;1.6957425341696346;80.5;82.125
---------; || ;; ; ; ; ; ; ; ; ; ; ; 
