TimeSeries; || ;RR; DET; LAM; RATIO; averageL; averageH; Lmax; Hmax; DIV; ENTR; averageTime1; averageTime2
---------; || ;; ; ; ; ; ; ; ; ; ; ; 
---------; || ;; ; ; ; ; ; ; ; ; ; ; 
---------; || ;; ; ; ; ; ; ; ; ; ; ; 
[130.7533, 134.5485, 134.0321, 126.211, 119.8678, 111.515, 100.8083, 91.9291, 87.8695, 87.757, 86.0232, 83.7013, 81.3703, 81.374, 81.384, 79.6472, 81.0188, 81.038, 84.9625, 94.4188, 109.5031, 124.3762, 135.8696, 138.7446, 132.1958]; || ;0.038348729475617446;0.9821428571428571;0.9517241379310345;25.610831716532214;9.89090909090909;8.44927536231884;85;20;0.011764705882352941;2.484803897066677;14.485714285714286;29.142857142857142
---------; || ;; ; ; ; ; ; ; ; ; ; ; 
