TimeSeries; || ;RR; DET; LAM; RATIO; averageL; averageH; Lmax; Hmax; DIV; ENTR; averageTime1; averageTime2
[87.776, 87.566, 83.217, 72.716, 62.106, 58.214, 62.179, 69.418, 74.299, 73.651, 67.79, 60.681, 55.618, 65.741, 76.261, 84.877, 89.974, 90.389, 85.442, 77.342, 66.244, 55.458, 51.981, 54.442, 59.415]; || ;0.00803157808174118;0.875;0.7954545454545454;108.94496587030716;6.0;2.142857142857143;9;4;0.1111111111111111;1.7478680974667573;118.22222222222223;118.22222222222223
---------; || ;; ; ; ; ; ; ; ; ; ; ; 
