TimeSeries; || ;RR; DET; LAM; RATIO; averageL; averageH; Lmax; Hmax; DIV; ENTR; averageTime1; averageTime2
[93.6776, 93.966, 94.5439, 99.2474, 102.7375, 102.368, 101.2491, 98.2714, 97.6321, 95.4183, 95.331, 93.6062, 93.701, 94.3939, 96.4747, 99.7676, 101.1628, 105.0625, 106.9148, 109.4677, 111.7687, 111.666, 110.3572, 104.8017, 99.7277]; || ;0.014719991228310627;0.8888888888888888;0.8585858585858586;60.38650941444237;5.833333333333333;3.6470588235294117;19;9;0.05263157894736842;2.084201066726994;81.9090909090909;86.54545454545455
---------; || ;; ; ; ; ; ; ; ; ; ; ; 
