TimeSeries; || ;RR; DET; LAM; RATIO; averageL; averageH; Lmax; Hmax; DIV; ENTR; averageTime1; averageTime2
[67.801, 57.258, 54.996, 54.379, 52.138, 49.208, 48.313, 46.885, 44.747, 45.481, 49.011, 50.34, 48.311, 45.753, 43.999, 41.991, 41.213, 40.878, 40.089, 38.958, 37.419, 36.853, 37.61, 38.749, 40.826]; || ;0.024314026479537294;0.9696969696969697;0.5505050505050505;39.88220422944211;7.25;5.467889908256881;23;10;0.043478260869565216;2.2006042762863;45.81818181818182;47.90909090909091
---------; || ;; ; ; ; ; ; ; ; ; ; ; 
[67.416, 77.137, 78.999, 79.459, 80.365, 80.086, 81.675, 83.136, 83.095, 81.84, 81.021, 81.111, 75.077, 63.416, 53.302, 50.768, 52.593, 50.479, 46.825, 45.537, 45.113, 47.476, 50.264, 49.755, 47.886]; || ;0.031660316329048;0.8431372549019608;0.6134020618556701;26.630727442492148;8.13953488372093;7.394957983193278;31;14;0.03225806451612903;2.483276296069399;21.333333333333332;24.444444444444443
---------; || ;; ; ; ; ; ; ; ; ; ; ; 
[87.784, 82.151, 75.794, 73.232, 69.159, 62.7, 58.598, 54.837, 48.274, 42.019, 40.484, 40.33, 41.599, 50.158, 64.152, 73.583, 76.403, 78.474, 80.063, 77.422, 67.772, 54.992, 46.798, 43.626, 42.803]; || ;0.017351498040075655;0.9333333333333333;0.24210526315789474;53.78978409689311;8.428571428571429;6.3478260869565215;23;12;0.043478260869565216;2.3046193848206715;115.33333333333333;116.0
[43.219, 42.471, 43.746, 48.684, 48.684, 55.873, 64.57, 68.661, 65.607, 57.415, 49.317, 49.261, 56.303, 62.203, 61.237, 52.492, 45.167, 43.328, 42.227, 42.629, 45.46, 48.378, 44.811, 41.042, 38.913]; || ;0.018283490035909105;0.896551724137931;0.29292929292929293;49.03613710386186;4.615384615384615;5.568965517241379;7;8;0.14285714285714285;1.7782333057997073;138.0;139.53846153846155
---------; || ;; ; ; ; ; ; ; ; ; ; ; 
