TimeSeries; || ;RR; DET; LAM; RATIO; averageL; averageH; Lmax; Hmax; DIV; ENTR; averageTime1; averageTime2
[105.6285, 106.2278, 110.1806, 111.2855, 103.4707, 100.4579, 91.277, 85.5701, 73.5076, 70.1644, 68.4506, 68.7948, 65.5413, 64.428, 60.7833, 60.4923, 56.347, 55.2991, 57.6859, 59.3713, 66.9674, 67.7647, 73.0166, 70.9205, 64.1477]; || ;0.023327211425125408;0.926829268292683;0.4639175257731959;39.73167865638704;5.552631578947368;6.133333333333334;15;10;0.06666666666666667;1.9155964602893523;115.0;116.0
---------; || ;; ; ; ; ; ; ; ; ; ; ; 
