TimeSeries; || ;RR; DET; LAM; RATIO; averageL; averageH; Lmax; Hmax; DIV; ENTR; averageTime1; averageTime2
[93.6776, 93.966, 94.5439, 99.2474, 102.7375, 102.368, 101.2491, 98.2714, 97.6321, 95.4183, 95.331, 93.6062, 93.701, 94.3939, 96.4747, 99.7676, 101.1628, 105.0625, 106.9148, 109.4677, 111.7687, 111.666, 110.3572, 104.8017, 99.7277]; || ;0.02036676626188975;0.8125;0.3401015228426396;39.89342193808883;5.6923076923076925;6.044776119402985;14;9;0.07142857142857142;2.1417482669006125;88.47058823529412;89.88235294117646
---------; || ;; ; ; ; ; ; ; ; ; ; ; 
