TimeSeries; || ;RR; DET; LAM; RATIO; averageL; averageH; Lmax; Hmax; DIV; ENTR; averageTime1; averageTime2
[66.211, 61.8923, 62.1055, 61.8549, 65.0447, 65.5379, 70.9459, 72.6407, 73.4385, 72.2521, 70.7082, 66.6232, 78.6886, 83.6692, 84.1895, 79.4496, 95.0041, 107.6582, 106.6577, 91.8097, 89.2434, 88.4137, 84.9694, 74.9924, 75.3319]; || ;0.026945533291302323;0.9111111111111111;0.47368421052631576;33.81306657624053;6.7560975609756095;7.688888888888889;23;16;0.043478260869565216;2.4112066299263053;0;0
[77.0047, 87.3142, 89.4537, 91.7121, 83.18, 83.8384, 84.5313, 84.1688, 82.5176, 78.5349, 74.9752, 80.1418, 84.3662, 88.2478, 93.698, 90.5102, 92.1246, 79.9673, 80.298, 72.9802, 79.1882, 82.7386, 92.418, 87.0222, 87.2187]; || ;0.014774814286889065;0.9375;0.20430107526881722;63.452574211502785;4.866666666666666;5.2631578947368425;7;8;0.14285714285714285;1.691434336280957;0;0
[81.9007, 83.9374, 81.7811, 85.0379, 86.8992, 89.4369, 89.4931, 84.3652, 86.8574, 83.614, 85.783, 85.1709, 84.5046, 81.1832, 84.6224, 89.6747, 92.2504, 87.1319, 77.7966, 71.4032, 68.0611, 71.772, 77.2081, 81.375, 84.454]; || ;0.013897645349634056;0.8333333333333334;0.12562814070351758;59.962195923734384;4.7;4.96;7;7;0.14285714285714285;1.6957425341696346;57.55555555555556;58.611111111111114
---------; || ;; ; ; ; ; ; ; ; ; ; ; 
