TimeSeries; || ;RR; DET; LAM; RATIO; averageL; averageH; Lmax; Hmax; DIV; ENTR; averageTime1; averageTime2
[95.4993, 89.8039, 89.7244, 82.8436, 86.7353, 86.4279, 84.6259, 86.0206, 81.6215, 80.7308, 76.1279, 76.7767, 82.5234, 86.1601, 87.1931, 82.2148, 75.3203, 74.1002, 70.2883, 70.5389, 64.1957, 70.7362, 75.056, 85.8687, 86.2725]; || ;0.019160658973164112;0.875;0.3894736842105263;45.6664878397711;4.785714285714286;5.162162162162162;7;8;0.14285714285714285;1.7388441139233393;75.0;78.3
---------; || ;; ; ; ; ; ; ; ; ; ; ; 
