TimeSeries; || ;RR; DET; LAM; RATIO; averageL; averageH; Lmax; Hmax; DIV; ENTR; averageTime1; averageTime2
[138.9778, 135.288, 127.3649, 119.434, 106.4683, 93.49, 87.6489, 81.802, 79.3812, 76.958, 74.9725, 72.985, 74.5647, 76.146, 76.237, 76.328, 78.0347, 79.743, 80.0094, 80.276, 79.0656, 77.854, 75.881, 73.906, 74.7836]; || ;0.04766864943395192;0.7101449275362319;0.6347826086956522;14.897525647756915;12.16326530612245;9.678082191780822;48;26;0.020833333333333332;2.9469618465294514;62.470588235294116;70.17647058823529
[75.662, 77.5866, 79.513, 78.8898, 78.266, 81.5344, 84.806, 82.754, 80.7, 79.4836, 78.266, 90.505, 102.756, 119.8551, 136.971, 121.0583, 105.13, 94.4283, 83.716, 91.9845, 100.261, 115.2057, 130.165, 121.3153, 112.457]; || ;0.02782270222855733;0.9428571428571428;0.41818181818181815;33.88805066854328;8.606060606060606;7.217391304347826;23;16;0.043478260869565216;2.676922983429625;41.625;51.46875
---------; || ;; ; ; ; ; ; ; ; ; ; ; 
