TimeSeries; || ;RR; DET; LAM; RATIO; averageL; averageH; Lmax; Hmax; DIV; ENTR; averageTime1; averageTime2
[138.9778, 135.288, 127.3649, 119.434, 106.4683, 93.49, 87.6489, 81.802, 79.3812, 76.958, 74.9725, 72.985, 74.5647, 76.146, 76.237, 76.328, 78.0347, 79.743, 80.0094, 80.276, 79.0656, 77.854, 75.881, 73.906, 74.7836]; || ;0.09898303226336998;1.0;1.0;10.102741622819163;8.773006134969325;8.63538873994638;135;34;0.007407407407407408;2.6275402273385726;50.814070351758794;59.221105527638194
[75.662, 77.5866, 79.513, 78.8898, 78.266, 81.5344, 84.806, 82.754, 80.7, 79.4836, 78.266, 90.505, 102.756, 119.8551, 136.971, 121.0583, 105.13, 94.4283, 83.716, 91.9845, 100.261, 115.2057, 130.165, 121.3153, 112.457]; || ;0.04235081275184342;1.0;1.0;23.612297734627834;10.431372549019608;5.64935064935065;36;20;0.027777777777777776;2.8318187668204824;36.55102040816327;48.93877551020408
---------; || ;; ; ; ; ; ; ; ; ; ; ; 
