TimeSeries; || ;RR; DET; LAM; RATIO; averageL; averageH; Lmax; Hmax; DIV; ENTR; averageTime1; averageTime2
---------; || ;; ; ; ; ; ; ; ; ; ; ; 
---------; || ;; ; ; ; ; ; ; ; ; ; ; 
---------; || ;; ; ; ; ; ; ; ; ; ; ; 
[130.7533, 134.5485, 134.0321, 126.211, 119.8678, 111.515, 100.8083, 91.9291, 87.8695, 87.757, 86.0232, 83.7013, 81.3703, 81.374, 81.384, 79.6472, 81.0188, 81.038, 84.9625, 94.4188, 109.5031, 124.3762, 135.8696, 138.7446, 132.1958]; || ;0.0608810065513555;1.0;1.0;16.425484016208916;11.394736842105264;8.862222222222222;90;24;0.011111111111111112;2.932682462548935;8.722222222222221;31.444444444444443
---------; || ;; ; ; ; ; ; ; ; ; ; ; 
