TimeSeries; || ;RR; DET; LAM; RATIO; averageL; averageH; Lmax; Hmax; DIV; ENTR; averageTime1; averageTime2
[93.6776, 93.966, 94.5439, 99.2474, 102.7375, 102.368, 101.2491, 98.2714, 97.6321, 95.4183, 95.331, 93.6062, 93.701, 94.3939, 96.4747, 99.7676, 101.1628, 105.0625, 106.9148, 109.4677, 111.7687, 111.666, 110.3572, 104.8017, 99.7277]; || ;0.02957704010306735;1.0;1.0;33.81000926784059;5.083333333333333;3.91324200913242;15;13;0.06666666666666667;2.3965068618744283;79.74193548387096;85.35483870967742
---------; || ;; ; ; ; ; ; ; ; ; ; ; 
