TimeSeries; || ;RR; DET; LAM; RATIO; averageL; averageH; Lmax; Hmax; DIV; ENTR; averageTime1; averageTime2
[95.4993, 89.8039, 89.7244, 82.8436, 86.7353, 86.4279, 84.6259, 86.0206, 81.6215, 80.7308, 76.1279, 76.7767, 82.5234, 86.1601, 87.1931, 82.2148, 75.3203, 74.1002, 70.2883, 70.5389, 64.1957, 70.7362, 75.056, 85.8687, 86.2725]; || ;0.024752610948164798;1.0;1.0;40.39977851605759;3.9615384615384617;2.9292035398230087;14;9;0.07142857142857142;1.988211236627735;54.36;57.46
---------; || ;; ; ; ; ; ; ; ; ; ; ; 
