TimeSeries; || ;RR; DET; LAM; RATIO; averageL; averageH; Lmax; Hmax; DIV; ENTR; averageTime1; averageTime2
[67.801, 57.258, 54.996, 54.379, 52.138, 49.208, 48.313, 46.885, 44.747, 45.481, 49.011, 50.34, 48.311, 45.753, 43.999, 41.991, 41.213, 40.878, 40.089, 38.958, 37.419, 36.853, 37.61, 38.749, 40.826]; || ;0.038019791124146815;1.0;1.0;26.302090843547226;7.666666666666667;5.427906976744186;31;16;0.03225806451612903;2.555553668548986;33.93103448275862;38.58620689655172
---------; || ;; ; ; ; ; ; ; ; ; ; ; 
[67.416, 77.137, 78.999, 79.459, 80.365, 80.086, 81.675, 83.136, 83.095, 81.84, 81.021, 81.111, 75.077, 63.416, 53.302, 50.768, 52.593, 50.479, 46.825, 45.537, 45.113, 47.476, 50.264, 49.755, 47.886]; || ;0.04679148049669691;1.0;1.0;21.371411833626247;9.777777777777779;6.981220657276995;40;18;0.025;2.729803490563763;20.75862068965517;24.482758620689655
---------; || ;; ; ; ; ; ; ; ; ; ; ; 
[87.784, 82.151, 75.794, 73.232, 69.159, 62.7, 58.598, 54.837, 48.274, 42.019, 40.484, 40.33, 41.599, 50.158, 64.152, 73.583, 76.403, 78.474, 80.063, 77.422, 67.772, 54.992, 46.798, 43.626, 42.803]; || ;0.02502672624105699;1.0;1.0;39.957283680175244;8.857142857142858;3.622448979591837;23;18;0.043478260869565216;2.5026614364092272;97.5;98.33333333333333
[43.219, 42.471, 43.746, 48.684, 48.684, 55.873, 64.57, 68.661, 65.607, 57.415, 49.317, 49.261, 56.303, 62.203, 61.237, 52.492, 45.167, 43.328, 42.227, 42.629, 45.46, 48.378, 44.811, 41.042, 38.913]; || ;0.025520133768262933;1.0;1.0;39.18474758324382;4.75;3.158371040723982;23;13;0.043478260869565216;2.111913322094204;124.0952380952381;128.57142857142858
---------; || ;; ; ; ; ; ; ; ; ; ; ; 
