TimeSeries; || ;RR; DET; LAM; RATIO; averageL; averageH; Lmax; Hmax; DIV; ENTR; averageTime1; averageTime2
[95.4993, 89.8039, 89.7244, 82.8436, 86.7353, 86.4279, 84.6259, 86.0206, 81.6215, 80.7308, 76.1279, 76.7767, 82.5234, 86.1601, 87.1931, 82.2148, 75.3203, 74.1002, 70.2883, 70.5389, 64.1957, 70.7362, 75.056, 85.8687, 86.2725]; || ;0.011540253830761219;0.9230769230769231;0.6804123711340206;79.98757536999817;7.583333333333333;2.6363636363636362;25;6;0.04;2.022808529414703;72.12;73.64
---------; || ;; ; ; ; ; ; ; ; ; ; ; 
