TimeSeries; || ;RR; DET; LAM; RATIO; averageL; averageH; Lmax; Hmax; DIV; ENTR; averageTime1; averageTime2
[87.776, 87.566, 83.217, 72.716, 62.106, 58.214, 62.179, 69.418, 74.299, 73.651, 67.79, 60.681, 55.618, 65.741, 76.261, 84.877, 89.974, 90.389, 85.442, 77.342, 66.244, 55.458, 51.981, 54.442, 59.415]; || ;0.008141224198898057;0.875;0.7804878048780488;107.4776936026936;6.142857142857143;2.46875;10;4;0.1;1.277034259466139;136.0;136.0
---------; || ;; ; ; ; ; ; ; ; ; ; ; 
