TimeSeries; || ;RR; DET; LAM; RATIO; averageL; averageH; Lmax; Hmax; DIV; ENTR; averageTime1; averageTime2
[66.211, 61.8923, 62.1055, 61.8549, 65.0447, 65.5379, 70.9459, 72.6407, 73.4385, 72.2521, 70.7082, 66.6232, 78.6886, 83.6692, 84.1895, 79.4496, 95.0041, 107.6582, 106.6577, 91.8097, 89.2434, 88.4137, 84.9694, 74.9924, 75.3319]; || ;0.021463227433458514;0.9285714285714286;0.8991596638655462;43.26336434957125;10.192307692307692;5.401869158878505;38;15;0.02631578947368421;2.6846565419165596;7.5;10.5
[77.0047, 87.3142, 89.4537, 91.7121, 83.18, 83.8384, 84.5313, 84.1688, 82.5176, 78.5349, 74.9752, 80.1418, 84.3662, 88.2478, 93.698, 90.5102, 92.1246, 79.9673, 80.298, 72.9802, 79.1882, 82.7386, 92.418, 87.0222, 87.2187]; || ;0.008799100901839314;0.8;0.7352941176470589;90.9183800623053;13.25;4.6;24;7;0.041666666666666664;1.3862943611198906;77.0;77.0
[81.9007, 83.9374, 81.7811, 85.0379, 86.8992, 89.4369, 89.4931, 84.3652, 86.8574, 83.614, 85.783, 85.1709, 84.5046, 81.1832, 84.6224, 89.6747, 92.2504, 87.1319, 77.7966, 71.4032, 68.0611, 71.772, 77.2081, 81.375, 84.454]; || ;0.009237685370466818;0.6;0.5660377358490566;64.9513353115727;8.333333333333334;3.533333333333333;21;6;0.047619047619047616;1.7917594692280547;60.529411764705884;60.76470588235294
---------; || ;; ; ; ; ; ; ; ; ; ; ; 
