TimeSeries; || ;RR; DET; LAM; RATIO; averageL; averageH; Lmax; Hmax; DIV; ENTR; averageTime1; averageTime2
[93.6776, 93.966, 94.5439, 99.2474, 102.7375, 102.368, 101.2491, 98.2714, 97.6321, 95.4183, 95.331, 93.6062, 93.701, 94.3939, 96.4747, 99.7676, 101.1628, 105.0625, 106.9148, 109.4677, 111.7687, 111.666, 110.3572, 104.8017, 99.7277]; || ;0.02579424906115512;0.9487179487179487;0.9096385542168675;36.78021199487724;8.945945945945946;4.655629139072848;57;12;0.017543859649122806;2.441815189112618;86.84375;91.59375
---------; || ;; ; ; ; ; ; ; ; ; ; ; 
