TimeSeries; || ;RR; DET; LAM; RATIO; averageL; averageH; Lmax; Hmax; DIV; ENTR; averageTime1; averageTime2
[95.4993, 89.8039, 89.7244, 82.8436, 86.7353, 86.4279, 84.6259, 86.0206, 81.6215, 80.7308, 76.1279, 76.7767, 82.5234, 86.1601, 87.1931, 82.2148, 75.3203, 74.1002, 70.2883, 70.5389, 64.1957, 70.7362, 75.056, 85.8687, 86.2725]; || ;0.020805350730517255;0.8064516129032258;0.8757763975155279;38.76174083046453;9.44;3.5106382978723403;63;8;0.015873015873015872;2.147847246041506;71.16981132075472;74.56603773584905
---------; || ;; ; ; ; ; ; ; ; ; ; ; 
