TimeSeries; || ;RR; DET; LAM; RATIO; averageL; averageH; Lmax; Hmax; DIV; ENTR; averageTime1; averageTime2
[138.9778, 135.288, 127.3649, 119.434, 106.4683, 93.49, 87.6489, 81.802, 79.3812, 76.958, 74.9725, 72.985, 74.5647, 76.146, 76.237, 76.328, 78.0347, 79.743, 80.0094, 80.276, 79.0656, 77.854, 75.881, 73.906, 74.7836]; || ;0.1204736712261177;0.9707602339181286;0.9747191011235955;8.057862137330433;11.481927710843374;11.504322766570604;151;38;0.006622516556291391;2.810842630784729;48.275862068965516;58.76847290640394
[75.662, 77.5866, 79.513, 78.8898, 78.266, 81.5344, 84.806, 82.754, 80.7, 79.4836, 78.266, 90.505, 102.756, 119.8551, 136.971, 121.0583, 105.13, 94.4283, 83.716, 91.9845, 100.261, 115.2057, 130.165, 121.3153, 112.457]; || ;0.046133603793755654;0.9649122807017544;0.9253731343283582;20.915606008485266;12.4;11.35483870967742;80;27;0.0125;2.8384971368442824;46.986486486486484;58.513513513513516
---------; || ;; ; ; ; ; ; ; ; ; ; ; 
