TimeSeries; || ;RR; DET; LAM; RATIO; averageL; averageH; Lmax; Hmax; DIV; ENTR; averageTime1; averageTime2
[87.776, 87.566, 83.217, 72.716, 62.106, 58.214, 62.179, 69.418, 74.299, 73.651, 67.79, 60.681, 55.618, 65.741, 76.261, 84.877, 89.974, 90.389, 85.442, 77.342, 66.244, 55.458, 51.981, 54.442, 59.415]; || ;0.012527068885173104;0.875;0.7951807228915663;69.84874179431073;8.071428571428571;2.9545454545454546;17;6;0.058823529411764705;1.9701814400260844;115.0;115.18518518518519
---------; || ;; ; ; ; ; ; ; ; ; ; ; 
