TimeSeries; || ;RR; DET; LAM; RATIO; averageL; averageH; Lmax; Hmax; DIV; ENTR; averageTime1; averageTime2
[66.211, 61.8923, 62.1055, 61.8549, 65.0447, 65.5379, 70.9459, 72.6407, 73.4385, 72.2521, 70.7082, 66.6232, 78.6886, 83.6692, 84.1895, 79.4496, 95.0041, 107.6582, 106.6577, 91.8097, 89.2434, 88.4137, 84.9694, 74.9924, 75.3319]; || ;0.03286642361777364;0.9487179487179487;0.9370629370629371;28.865871131926177;12.432432432432432;7.432835820895522;84;18;0.011904761904761904;2.908220756220249;3.3333333333333335;11.333333333333334
[77.0047, 87.3142, 89.4537, 91.7121, 83.18, 83.8384, 84.5313, 84.1688, 82.5176, 78.5349, 74.9752, 80.1418, 84.3662, 88.2478, 93.698, 90.5102, 92.1246, 79.9673, 80.298, 72.9802, 79.1882, 82.7386, 92.418, 87.0222, 87.2187]; || ;0.013294591705271237;1.0;0.8064516129032258;75.21855670103093;10.23076923076923;5.28;30;12;0.03333333333333333;2.098147389135067;77.0;77.0
[81.9007, 83.9374, 81.7811, 85.0379, 86.8992, 89.4369, 89.4931, 84.3652, 86.8574, 83.614, 85.783, 85.1709, 84.5046, 81.1832, 84.6224, 89.6747, 92.2504, 87.1319, 77.7966, 71.4032, 68.0611, 71.772, 77.2081, 81.375, 84.454]; || ;0.01696773663002659;0.7619047619047619;0.6530612244897959;44.9031463958766;10.9375;3.25;46;10;0.021739130434782608;2.0097091818941455;59.707692307692305;60.84615384615385
---------; || ;; ; ; ; ; ; ; ; ; ; ; 
