TimeSeries; || ;RR; DET; LAM; RATIO; averageL; averageH; Lmax; Hmax; DIV; ENTR; averageTime1; averageTime2
[138.9778, 135.288, 127.3649, 119.434, 106.4683, 93.49, 87.6489, 81.802, 79.3812, 76.958, 74.9725, 72.985, 74.5647, 76.146, 76.237, 76.328, 78.0347, 79.743, 80.0094, 80.276, 79.0656, 77.854, 75.881, 73.906, 74.7836]; || ;0.011430607713604341;0.9166666666666666;0.8947368421052632;80.19404476418865;9.090909090909092;5.882352941176471;18;11;0.05555555555555555;2.0982737395252498;103.0;103.0
[75.662, 77.5866, 79.513, 78.8898, 78.266, 81.5344, 84.806, 82.754, 80.7, 79.4836, 78.266, 90.505, 102.756, 119.8551, 136.971, 121.0583, 105.13, 94.4283, 83.716, 91.9845, 100.261, 115.2057, 130.165, 121.3153, 112.457]; || ;0.0057290096214467805;1.0;0.8;174.55023923444975;8.0;2.0;8;2;0.125;0.0;0;0
---------; || ;; ; ; ; ; ; ; ; ; ; ; 
