TimeSeries; || ;RR; DET; LAM; RATIO; averageL; averageH; Lmax; Hmax; DIV; ENTR; averageTime1; averageTime2
[93.6776, 93.966, 94.5439, 99.2474, 102.7375, 102.368, 101.2491, 98.2714, 97.6321, 95.4183, 95.331, 93.6062, 93.701, 94.3939, 96.4747, 99.7676, 101.1628, 105.0625, 106.9148, 109.4677, 111.7687, 111.666, 110.3572, 104.8017, 99.7277]; || ;0.012527068885173104;0.8333333333333334;0.8522727272727273;66.52261123267688;7.333333333333333;3.24;19;6;0.05263157894736842;2.1186492470699507;82.2;83.2
---------; || ;; ; ; ; ; ; ; ; ; ; ; 
