TimeSeries; || ;RR; DET; LAM; RATIO; averageL; averageH; Lmax; Hmax; DIV; ENTR; averageTime1; averageTime2
[66.211, 61.8923, 62.1055, 61.8549, 65.0447, 65.5379, 70.9459, 72.6407, 73.4385, 72.2521, 70.7082, 66.6232, 78.6886, 83.6692, 84.1895, 79.4496, 95.0041, 107.6582, 106.6577, 91.8097, 89.2434, 88.4137, 84.9694, 74.9924, 75.3319]; || ;0.02234039637071352;1.0;0.9207920792079208;44.761963190184055;10.107142857142858;6.612903225806452;37;16;0.02702702702702703;2.6511929751006442;7.0;12.0
[77.0047, 87.3142, 89.4537, 91.7121, 83.18, 83.8384, 84.5313, 84.1688, 82.5176, 78.5349, 74.9752, 80.1418, 84.3662, 88.2478, 93.698, 90.5102, 92.1246, 79.9673, 80.298, 72.9802, 79.1882, 82.7386, 92.418, 87.0222, 87.2187]; || ;0.008360516433211809;1.0;0.9047619047619048;119.60983606557377;8.333333333333334;5.894736842105263;19;10;0.05263157894736842;1.7917594692280547;0;0
[81.9007, 83.9374, 81.7811, 85.0379, 86.8992, 89.4369, 89.4931, 84.3652, 86.8574, 83.614, 85.783, 85.1709, 84.5046, 81.1832, 84.6224, 89.6747, 92.2504, 87.1319, 77.7966, 71.4032, 68.0611, 71.772, 77.2081, 81.375, 84.454]; || ;0.0074833474959567995;0.5;0.65625;66.81501831501832;7.0;3.0476190476190474;15;5;0.06666666666666667;1.3862943611198906;49.42857142857143;49.57142857142857
---------; || ;; ; ; ; ; ; ; ; ; ; ; 
