TimeSeries; || ;RR; DET; LAM; RATIO; averageL; averageH; Lmax; Hmax; DIV; ENTR; averageTime1; averageTime2
[105.6285, 106.2278, 110.1806, 111.2855, 103.4707, 100.4579, 91.277, 85.5701, 73.5076, 70.1644, 68.4506, 68.7948, 65.5413, 64.428, 60.7833, 60.4923, 56.347, 55.2991, 57.6859, 59.3713, 66.9674, 67.7647, 73.0166, 70.9205, 64.1477]; || ;0.019325128148899428;0.9166666666666666;0.9370629370629371;47.43392434988179;10.454545454545455;3.753731343283582;86;13;0.011627906976744186;2.2243004996270574;4.5;8.5
---------; || ;; ; ; ; ; ; ; ; ; ; ; 
