TimeSeries; || ;RR; DET; LAM; RATIO; averageL; averageH; Lmax; Hmax; DIV; ENTR; averageTime1; averageTime2
[93.6776, 93.966, 94.5439, 99.2474, 102.7375, 102.368, 101.2491, 98.2714, 97.6321, 95.4183, 95.331, 93.6062, 93.701, 94.3939, 96.4747, 99.7676, 101.1628, 105.0625, 106.9148, 109.4677, 111.7687, 111.666, 110.3572, 104.8017, 99.7277]; || ;0.02234039637071352;0.8157894736842105;0.8838709677419355;36.51633839199225;8.483870967741936;4.240875912408759;56;9;0.017857142857142856;2.450742982572099;64.32;67.4
---------; || ;; ; ; ; ; ; ; ; ; ; ; 
