TimeSeries; || ;RR; DET; LAM; RATIO; averageL; averageH; Lmax; Hmax; DIV; ENTR; averageTime1; averageTime2
[138.9778, 135.288, 127.3649, 119.434, 106.4683, 93.49, 87.6489, 81.802, 79.3812, 76.958, 74.9725, 72.985, 74.5647, 76.146, 76.237, 76.328, 78.0347, 79.743, 80.0094, 80.276, 79.0656, 77.854, 75.881, 73.906, 74.7836]; || ;0.11488171925111702;0.9512195121951219;0.991304347826087;8.27999022295162;11.673076923076923;11.160818713450292;151;36;0.006622516556291391;2.890266970420119;53.977777777777774;64.45
[75.662, 77.5866, 79.513, 78.8898, 78.266, 81.5344, 84.806, 82.754, 80.7, 79.4836, 78.266, 90.505, 102.756, 119.8551, 136.971, 121.0583, 105.13, 94.4283, 83.716, 91.9845, 100.261, 115.2057, 130.165, 121.3153, 112.457]; || ;0.040157890408705904;0.9454545454545454;0.9536423841059603;23.543431585479365;11.057692307692308;8.17361111111111;79;28;0.012658227848101266;2.719620447551839;40.1;48.0
---------; || ;; ; ; ; ; ; ; ; ; ; ; 
