TimeSeries; || ;RR; DET; LAM; RATIO; averageL; averageH; Lmax; Hmax; DIV; ENTR; averageTime1; averageTime2
[66.211, 61.8923, 62.1055, 61.8549, 65.0447, 65.5379, 70.9459, 72.6407, 73.4385, 72.2521, 70.7082, 66.6232, 78.6886, 83.6692, 84.1895, 79.4496, 95.0041, 107.6582, 106.6577, 91.8097, 89.2434, 88.4137, 84.9694, 74.9924, 75.3319]; || ;0.03697815301115649;0.9433962264150944;0.9251700680272109;25.512259255633104;10.44;8.338235294117647;84;23;0.011904761904761904;2.681232003283931;9.384615384615385;15.384615384615385
[77.0047, 87.3142, 89.4537, 91.7121, 83.18, 83.8384, 84.5313, 84.1688, 82.5176, 78.5349, 74.9752, 80.1418, 84.3662, 88.2478, 93.698, 90.5102, 92.1246, 79.9673, 80.298, 72.9802, 79.1882, 82.7386, 92.418, 87.0222, 87.2187]; || ;0.011320961596447465;0.8333333333333334;0.7619047619047619;73.60976594027443;9.5;6.25;28;12;0.03571428571428571;2.1639556568820564;161.0;161.0
[81.9007, 83.9374, 81.7811, 85.0379, 86.8992, 89.4369, 89.4931, 84.3652, 86.8574, 83.614, 85.783, 85.1709, 84.5046, 81.1832, 84.6224, 89.6747, 92.2504, 87.1319, 77.7966, 71.4032, 68.0611, 71.772, 77.2081, 81.375, 84.454]; || ;0.014500698993996875;0.9333333333333333;0.8;64.36471329552614;10.642857142857142;2.5384615384615383;50;8;0.02;2.2055983590263937;69.875;70.83333333333333
---------; || ;; ; ; ; ; ; ; ; ; ; ; 
