TimeSeries; || ;RR; DET; LAM; RATIO; averageL; averageH; Lmax; Hmax; DIV; ENTR; averageTime1; averageTime2
[81.8155, 80.87, 86.4748, 92.085, 97.4239, 102.768, 101.6905, 100.612, 99.6919, 98.771, 95.563, 92.352, 89.295, 86.235, 92.53, 98.831, 100.1509, 101.472, 97.7978, 94.12, 89.8286, 85.533, 86.8768, 88.222, 92.6768]; || ;0.013239768646692799;0.9090909090909091;0.7894736842105263;68.66365518539432;13.2;3.1733333333333333;36;6;0.027777777777777776;2.1639556568820564;70.82352941176471;70.97058823529412
---------; || ;; ; ; ; ; ; ; ; ; ; ; 
