TimeSeries; || ;RR; DET; LAM; RATIO; averageL; averageH; Lmax; Hmax; DIV; ENTR; averageTime1; averageTime2
[105.6285, 106.2278, 110.1806, 111.2855, 103.4707, 100.4579, 91.277, 85.5701, 73.5076, 70.1644, 68.4506, 68.7948, 65.5413, 64.428, 60.7833, 60.4923, 56.347, 55.2991, 57.6859, 59.3713, 66.9674, 67.7647, 73.0166, 70.9205, 64.1477]; || ;0.03133137797757737;0.8918918918918919;0.9518716577540107;28.466411293182947;13.06060606060606;5.219101123595506;126;16;0.007936507936507936;2.5170865943408156;85.78571428571429;90.85714285714286
---------; || ;; ; ; ; ; ; ; ; ; ; ; 
